frame_id,size,psnr,loss,qp
0,591.0,48.50559997558594,0.0,1
1,603.0,45.923282623291016,0.0,1
2,602.0,44.614219665527344,0.0,1
3,701.0,43.43620681762695,0.0,1
4,783.0000000000001,42.655216217041016,0.0,1
5,688.9999999999999,42.12797927856445,0.0,1
6,766.0000000000001,41.53466033935547,0.0,1
7,691.0000000000001,47.404048919677734,0.0,1
8,761.9999999999999,45.05605697631836,0.0,1
9,789.0,43.64484405517578,0.0,1
10,844.0,42.616180419921875,0.0,1
11,774.0,42.1396369934082,0.0,1
12,908.0,41.443721771240234,0.0,1
13,928.9999999999999,40.945125579833984,0.0,1
14,814.0,45.008087158203125,0.0,1
15,1044.0,42.72941970825195,0.0,1
16,1131.0,41.75495910644531,0.0,1
17,1072.0,40.94804000854492,0.0,1
18,1037.0000000000002,40.80035400390625,0.0,1
19,1127.0000000000002,40.340084075927734,0.0,1
20,1032.9999999999998,39.98827362060547,0.0,1
21,700.0,46.370723724365234,0.0,1
22,917.0,43.80290222167969,0.0,1
23,976.0,42.36654281616211,0.0,1
24,1161.0,41.37083053588867,0.0,1
25,1082.0000000000002,41.04225158691406,0.0,1
26,1293.0,40.475120544433594,0.0,1
27,1191.0,40.05000686645508,0.0,1
28,781.0000000000001,45.92971420288086,0.0,1
29,842.0,43.84739303588867,0.0,1
30,1057.0,42.489288330078125,0.0,1
31,1111.0,41.478843688964844,0.0,1
32,1245.0,41.047733306884766,0.0,1
33,1321.0,40.46656799316406,0.0,1
34,1247.0000000000002,40.184879302978516,0.0,1
35,716.9999999999999,45.87471008300781,0.0,1
36,864.0,43.733116149902344,0.0,1
37,808.0,42.800437927246094,0.0,1
38,898.9999999999999,42.00771713256836,0.0,1
39,894.0,41.47040557861328,0.0,1
40,1009.0,40.96099090576172,0.0,1
41,958.0,40.5557975769043,0.0,1
42,637.0,47.586708068847656,0.0,1
43,688.9999999999999,45.197349548339844,0.0,1
44,683.0,44.14946365356445,0.0,1
45,721.0000000000001,43.072052001953125,0.0,1
46,868.9999999999999,42.262428283691406,0.0,1
47,920.0,41.44114303588867,0.0,1
48,833.0,41.0750732421875,0.0,1
49,612.0,47.62935256958008,0.0,1
50,774.0,44.641021728515625,0.0,1
51,859.0,43.22539138793945,0.0,1
52,916.0000000000001,42.23705291748047,0.0,1
53,986.9999999999999,41.72160339355469,0.0,1
54,1096.0,40.910888671875,0.0,1
55,1091.0,40.501155853271484,0.0,1
56,736.0000000000001,46.180912017822266,0.0,1
57,1034.0,43.60453414916992,0.0,1
58,998.0,42.474239349365234,0.0,1
59,1130.0,41.430999755859375,0.0,1
60,1090.0,41.23130798339844,0.0,1
61,1235.0,40.547420501708984,0.0,1
62,1401.0000000000002,40.06653594970703,0.0,1
63,838.9999999999999,45.496761322021484,0.0,1
64,868.9999999999999,43.81571960449219,0.0,1
65,872.0,42.80491256713867,0.0,1
66,976.0,41.938758850097656,0.0,1
67,1074.0,41.51291275024414,0.0,1
68,1226.0,40.91354751586914,0.0,1
69,1274.0,40.31837463378906,0.0,1
70,841.0000000000001,45.185829162597656,0.0,1
71,900.0,43.35380935668945,0.0,1
72,987.9999999999998,42.414154052734375,0.0,1
73,1028.0,41.47052764892578,0.0,1
74,1039.0,41.105926513671875,0.0,1
75,998.0,40.735809326171875,0.0,1
76,1059.0,40.358299255371094,0.0,1
77,686.0,46.47980880737305,0.0,1
78,952.0,43.77323913574219,0.0,1
79,975.0,42.47163009643555,0.0,1
80,1017.9999999999998,41.351863861083984,0.0,1
81,1010.0,40.98809814453125,0.0,1
82,1110.0,40.40752410888672,0.0,1
83,1116.0,40.0257682800293,0.0,1
84,613.9999999999999,47.39461135864258,0.0,1
85,733.0,44.704185485839844,0.0,1
86,727.0,43.54521942138672,0.0,1
87,814.0,42.5662727355957,0.0,1
88,816.0,42.050079345703125,0.0,1
89,876.0,41.36772155761719,0.0,1
90,997.0,40.86673355102539,0.0,1
91,802.0,45.79508972167969,0.0,1
92,966.0000000000001,43.692893981933594,0.0,1
93,913.9999999999999,42.40779113769531,0.0,1
94,1020.0,41.47325897216797,0.0,1
95,1024.0,41.172576904296875,0.0,1
96,1077.9999999999998,40.67134094238281,0.0,1
97,1060.0,40.2990837097168,0.0,1
98,666.0,46.87705993652344,0.0,1
99,751.0000000000001,44.275230407714844,0.0,1
100,750.0,43.238922119140625,0.0,1
101,743.0,42.494503021240234,0.0,1
102,758.0,41.98759460449219,0.0,1
103,876.0,41.35997772216797,0.0,1
104,746.0,41.01869583129883,0.0,1
105,726.0,47.14960861206055,0.0,1
106,768.0000000000001,44.97954559326172,0.0,1
107,731.9999999999999,43.688636779785156,0.0,1
108,754.0,42.75345230102539,0.0,1
109,834.0,42.21659469604492,0.0,1
110,870.0,41.55144500732422,0.0,1
111,833.0,41.18315124511719,0.0,1
112,752.0,46.643192291259766,0.0,1
113,850.0,44.432029724121094,0.0,1
114,856.0000000000001,43.14547348022461,0.0,1
115,841.0000000000001,42.354408264160156,0.0,1
116,880.0,41.862030029296875,0.0,1
117,1103.0,41.283485412597656,0.0,1
118,1163.0,40.74262237548828,0.0,1
119,1022.0000000000002,45.14194107055664,0.0,1
120,1176.0,42.87103271484375,0.0,1
121,1032.0,42.118900299072266,0.0,1
122,1042.0,41.38835144042969,0.0,1
123,951.0,41.116573333740234,0.0,1
124,996.0000000000001,40.6359748840332,0.0,1
125,952.0,40.304935455322266,0.0,1
126,699.0,46.404300689697266,0.0,1
127,748.9999999999999,44.41206359863281,0.0,1
128,806.9999999999999,43.170013427734375,0.0,1
129,848.0,42.27244186401367,0.0,1
130,849.0,41.74674987792969,0.0,1
131,952.0,41.227394104003906,0.0,1
132,1070.0,40.73299789428711,0.0,1
133,875.0,45.706642150878906,0.0,1
134,904.0,43.696903228759766,0.0,1
135,1027.0,42.64977264404297,0.0,1
136,1184.0,41.66278839111328,0.0,1
137,1099.0,41.14326095581055,0.0,1
138,1107.9999999999998,40.456417083740234,0.0,1
139,1118.0,40.34838104248047,0.0,1
140,738.0000000000001,46.897560119628906,0.0,1
141,790.0,44.378204345703125,0.0,1
142,796.0000000000001,43.27458572387695,0.0,1
143,857.0,42.43012237548828,0.0,1
144,811.0000000000001,41.87602615356445,0.0,1
145,806.9999999999999,41.32053756713867,0.0,1
146,811.0000000000001,41.0042724609375,0.0,1
147,625.0,47.92596435546875,0.0,1
148,690.0,45.45744705200195,0.0,1
149,675.0,44.25752639770508,0.0,1
150,703.9999999999999,43.3287467956543,0.0,1
151,723.0000000000001,42.594818115234375,0.0,1
152,731.0,41.96779251098633,0.0,1
153,766.0000000000001,41.465492248535156,0.0,1
154,721.0000000000001,47.07027053833008,0.0,1
155,716.9999999999999,44.9026985168457,0.0,1
156,746.0,43.94042205810547,0.0,1
157,844.0,42.88983154296875,0.0,1
158,913.9999999999999,42.24220657348633,0.0,1
159,891.0,41.51222610473633,0.0,1
160,838.9999999999999,41.246822357177734,0.0,1
161,631.0000000000001,48.33034133911133,0.0,1
162,649.0,45.74813461303711,0.0,1
163,739.0,44.201820373535156,0.0,1
164,836.9999999999999,42.88829040527344,0.0,1
165,812.0,42.416412353515625,0.0,1
166,949.0,41.60788345336914,0.0,1
167,810.0,41.3093376159668,0.0,1
168,610.0,48.8750114440918,0.0,1
169,643.0,46.096866607666016,0.0,1
170,692.0,44.454551696777344,0.0,1
171,698.0,43.356170654296875,0.0,1
172,703.9999999999999,42.63313674926758,0.0,1
173,760.0,41.80187225341797,0.0,1
174,795.0,41.25547409057617,0.0,1
175,632.0,47.52056884765625,0.0,1
176,643.0,45.26411437988281,0.0,1
177,746.0,44.04093933105469,0.0,1
178,766.0000000000001,43.018253326416016,0.0,1
179,881.0,42.2247314453125,0.0,1
180,876.0,41.44940948486328,0.0,1
181,1064.0,41.05324172973633,0.0,1
182,863.0,45.62249755859375,0.0,1
183,880.0,43.504329681396484,0.0,1
184,970.0,42.815494537353516,0.0,1
185,1222.0,41.986026763916016,0.0,1
186,1239.0,41.27922821044922,0.0,1
187,1309.0,40.341583251953125,0.0,1
188,1274.0,40.33158874511719,0.0,1
189,841.0000000000001,45.563941955566406,0.0,1
190,1001.0,43.172760009765625,0.0,1
191,967.0,42.418846130371094,0.0,1
192,1100.0,41.39097213745117,0.0,1
193,1128.0,40.89830017089844,0.0,1
194,1132.0,40.16571807861328,0.0,1
195,1073.0,40.136085510253906,0.0,1
196,771.0,46.2259521484375,0.0,1
197,843.0000000000001,43.90510177612305,0.0,1
198,806.9999999999999,43.01250076293945,0.0,1
199,833.0,42.137054443359375,0.0,1
200,808.9999999999999,41.657936096191406,0.0,1
201,889.0,41.070404052734375,0.0,1
202,872.0,40.85728454589844,0.0,1
203,771.0,46.463199615478516,0.0,1
204,853.0,43.86353302001953,0.0,1
205,887.0,42.84551239013672,0.0,1
206,1128.0,41.764854431152344,0.0,1
207,1100.0,41.12043380737305,0.0,1
208,1085.0,40.48837661743164,0.0,1
209,958.9999999999999,40.444698333740234,0.0,1
210,756.0,45.78862762451172,0.0,1
211,875.0,43.71187973022461,0.0,1
212,835.0,42.93038558959961,0.0,1
213,1000.0,41.89739227294922,0.0,1
214,1015.0,41.273807525634766,0.0,1
215,1089.0,40.636009216308594,0.0,1
216,983.0,40.369564056396484,0.0,1
217,793.0,46.032508850097656,0.0,1
218,1435.0,39.84063720703125,0.0,1
219,915.0,40.08390808105469,0.0,1
220,1132.0,39.74153518676758,0.0,1
221,1137.9999999999998,39.522117614746094,0.0,1
222,1032.9999999999998,39.20018005371094,0.0,1
223,925.0,39.182743072509766,0.0,1
224,610.0,47.71111297607422,0.0,1
225,828.0000000000001,44.32693099975586,0.0,1
226,862.0,42.99766159057617,0.0,1
227,1012.0,41.88510513305664,0.0,1
228,1133.0,41.421871185302734,0.0,1
229,1119.0,40.77210235595703,0.0,1
230,963.0000000000001,40.543739318847656,0.0,1
231,658.0,47.898170471191406,0.0,1
232,686.9999999999999,45.09132385253906,0.0,1
233,669.0,43.95585632324219,0.0,1
234,691.0000000000001,42.941036224365234,0.0,1
235,771.0,42.059539794921875,0.0,1
236,815.0,41.45249938964844,0.0,1
237,825.0,41.07560729980469,0.0,1
238,688.0,47.13591384887695,0.0,1
239,790.0,44.50189971923828,0.0,1
240,911.0,43.154022216796875,0.0,1
241,1030.0,42.030975341796875,0.0,1
242,1191.0,41.185665130615234,0.0,1
243,1210.0,40.41238021850586,0.0,1
244,1147.0,40.390193939208984,0.0,1
245,842.0,45.58442306518555,0.0,1
246,881.9999999999999,43.493263244628906,0.0,1
247,885.0,42.797821044921875,0.0,1
248,923.0,41.92416000366211,0.0,1
249,979.0,41.283912658691406,0.0,1
250,1021.0,40.660560607910156,0.0,1
251,1071.0,40.461761474609375,0.0,1
252,651.0,46.79521560668945,0.0,1
253,754.0,44.52395248413086,0.0,1
254,851.0,43.2822151184082,0.0,1
255,911.9999999999999,42.41007995605469,0.0,1
256,906.0,41.85507583618164,0.0,1
257,998.0,41.206478118896484,0.0,1
258,966.0000000000001,40.894290924072266,0.0,1
259,676.0000000000001,47.26295471191406,0.0,1
260,808.9999999999999,44.675968170166016,0.0,1
261,810.0,43.77751541137695,0.0,1
0,591.0,47.77981948852539,0.15,1
1,603.0,45.13255310058594,0.15,1
2,602.0,44.286476135253906,0.15,1
3,701.0,42.179420471191406,0.15,1
4,783.0000000000001,41.13274002075195,0.15,1
5,688.9999999999999,41.35264205932617,0.15,1
6,766.0000000000001,40.66258239746094,0.15,1
7,691.0000000000001,46.2425651550293,0.15,1
8,761.9999999999999,43.68729782104492,0.15,1
9,789.0,42.735904693603516,0.15,1
10,844.0,41.629005432128906,0.15,1
11,774.0,41.471229553222656,0.15,1
12,908.0,40.41746139526367,0.15,1
13,928.9999999999999,39.85150909423828,0.15,1
14,814.0,43.219825744628906,0.15,1
15,1044.0,40.905799865722656,0.15,1
16,1131.0,39.24159622192383,0.15,1
17,1072.0,39.76805114746094,0.15,1
18,1037.0000000000002,39.91535186767578,0.15,1
19,1127.0000000000002,39.729949951171875,0.15,1
20,1032.9999999999998,39.414058685302734,0.15,1
21,700.0,44.25335693359375,0.15,1
22,917.0,42.013916015625,0.15,1
23,976.0,41.1430778503418,0.15,1
24,1161.0,38.520111083984375,0.15,1
25,1082.0000000000002,39.93061065673828,0.15,1
26,1293.0,39.57140350341797,0.15,1
27,1191.0,38.82569885253906,0.15,1
28,781.0000000000001,44.358192443847656,0.15,1
29,842.0,42.61113357543945,0.15,1
30,1057.0,40.99706268310547,0.15,1
31,1111.0,39.82269287109375,0.15,1
32,1245.0,39.9572868347168,0.15,1
33,1321.0,38.172645568847656,0.15,1
34,1247.0000000000002,38.393226623535156,0.15,1
35,716.9999999999999,44.91020965576172,0.15,1
36,864.0,42.963069915771484,0.15,1
37,808.0,41.87953186035156,0.15,1
38,898.9999999999999,41.08072280883789,0.15,1
39,894.0,40.62554168701172,0.15,1
40,1009.0,40.246429443359375,0.15,1
41,958.0,40.056251525878906,0.15,1
42,637.0,46.609764099121094,0.15,1
43,688.9999999999999,44.39680099487305,0.15,1
44,683.0,43.058589935302734,0.15,1
45,721.0000000000001,42.45207977294922,0.15,1
46,868.9999999999999,41.519107818603516,0.15,1
47,920.0,40.3642692565918,0.15,1
48,833.0,40.27018356323242,0.15,1
49,612.0,47.18399429321289,0.15,1
50,774.0,43.826995849609375,0.15,1
51,859.0,41.09562683105469,0.15,1
52,916.0000000000001,41.28049850463867,0.15,1
53,986.9999999999999,40.366851806640625,0.15,1
54,1096.0,39.744651794433594,0.15,1
55,1091.0,39.65272903442383,0.15,1
56,736.0000000000001,45.614830017089844,0.15,1
57,1034.0,40.61073684692383,0.15,1
58,998.0,40.77540969848633,0.15,1
59,1130.0,39.195220947265625,0.15,1
60,1090.0,37.956172943115234,0.15,1
61,1235.0,39.56608581542969,0.15,1
62,1401.0000000000002,39.06914520263672,0.15,1
63,838.9999999999999,42.16556167602539,0.15,1
64,868.9999999999999,40.86709213256836,0.15,1
65,872.0,41.26020050048828,0.15,1
66,976.0,40.78334426879883,0.15,1
67,1074.0,38.84410095214844,0.15,1
68,1226.0,39.70998764038086,0.15,1
69,1274.0,37.91196823120117,0.15,1
70,841.0000000000001,43.28573989868164,0.15,1
71,900.0,42.329532623291016,0.15,1
72,987.9999999999998,41.4332275390625,0.15,1
73,1028.0,39.810909271240234,0.15,1
74,1039.0,39.88203430175781,0.15,1
75,998.0,39.82012176513672,0.15,1
76,1059.0,39.49165344238281,0.15,1
77,686.0,44.54326629638672,0.15,1
78,952.0,41.758941650390625,0.15,1
79,975.0,41.540096282958984,0.15,1
80,1017.9999999999998,40.71188735961914,0.15,1
81,1010.0,40.14778518676758,0.15,1
82,1110.0,39.702369689941406,0.15,1
83,1116.0,39.498321533203125,0.15,1
84,613.9999999999999,46.359107971191406,0.15,1
85,733.0,43.67573547363281,0.15,1
86,727.0,42.55583190917969,0.15,1
87,814.0,41.989158630371094,0.15,1
88,816.0,40.91014862060547,0.15,1
89,876.0,40.940460205078125,0.15,1
90,997.0,40.16764831542969,0.15,1
91,802.0,43.652286529541016,0.15,1
92,966.0000000000001,42.7701416015625,0.15,1
93,913.9999999999999,41.63081359863281,0.15,1
94,1020.0,40.6157341003418,0.15,1
95,1024.0,40.354190826416016,0.15,1
96,1077.9999999999998,39.804080963134766,0.15,1
97,1060.0,39.256282806396484,0.15,1
98,666.0,45.51744842529297,0.15,1
99,751.0000000000001,43.540950775146484,0.15,1
100,750.0,42.497989654541016,0.15,1
101,743.0,41.871482849121094,0.15,1
102,758.0,41.23179244995117,0.15,1
103,876.0,40.7468376159668,0.15,1
104,746.0,40.35057830810547,0.15,1
105,726.0,45.928829193115234,0.15,1
106,768.0000000000001,43.65005874633789,0.15,1
107,731.9999999999999,42.74918746948242,0.15,1
108,754.0,41.89957046508789,0.15,1
109,834.0,41.18252182006836,0.15,1
110,870.0,40.144046783447266,0.15,1
111,833.0,40.44882583618164,0.15,1
112,752.0,45.36272430419922,0.15,1
113,850.0,42.0055046081543,0.15,1
114,856.0000000000001,41.826297760009766,0.15,1
115,841.0000000000001,41.616600036621094,0.15,1
116,880.0,41.15970230102539,0.15,1
117,1103.0,39.915863037109375,0.15,1
118,1163.0,38.84492492675781,0.15,1
119,1022.0000000000002,41.66459274291992,0.15,1
120,1176.0,41.003631591796875,0.15,1
121,1032.0,40.283355712890625,0.15,1
122,1042.0,40.230716705322266,0.15,1
123,951.0,40.158443450927734,0.15,1
124,996.0000000000001,39.683326721191406,0.15,1
125,952.0,39.745635986328125,0.15,1
126,699.0,45.691856384277344,0.15,1
127,748.9999999999999,43.46052932739258,0.15,1
128,806.9999999999999,42.234554290771484,0.15,1
129,848.0,41.722267150878906,0.15,1
130,849.0,41.16887283325195,0.15,1
131,952.0,40.55119705200195,0.15,1
132,1070.0,40.196651458740234,0.15,1
133,875.0,42.52919387817383,0.15,1
134,904.0,41.871402740478516,0.15,1
135,1027.0,41.24169158935547,0.15,1
136,1184.0,39.9890251159668,0.15,1
137,1099.0,39.79664993286133,0.15,1
138,1107.9999999999998,37.83576583862305,0.15,1
139,1118.0,38.641761779785156,0.15,1
140,738.0000000000001,45.371131896972656,0.15,1
141,790.0,43.06402587890625,0.15,1
142,796.0000000000001,42.36439895629883,0.15,1
143,857.0,41.29198455810547,0.15,1
144,811.0000000000001,41.27295684814453,0.15,1
145,806.9999999999999,40.77861022949219,0.15,1
146,811.0000000000001,40.52757263183594,0.15,1
147,625.0,46.911705017089844,0.15,1
148,690.0,44.75529098510742,0.15,1
149,675.0,43.71354293823242,0.15,1
150,703.9999999999999,42.91239929199219,0.15,1
151,723.0000000000001,42.29169845581055,0.15,1
152,731.0,41.47083282470703,0.15,1
153,766.0000000000001,41.06511688232422,0.15,1
154,721.0000000000001,44.65891647338867,0.15,1
155,716.9999999999999,43.41499710083008,0.15,1
156,746.0,42.22785949707031,0.15,1
157,844.0,41.7773323059082,0.15,1
158,913.9999999999999,41.52479553222656,0.15,1
159,891.0,40.872623443603516,0.15,1
160,838.9999999999999,40.80918884277344,0.15,1
161,631.0000000000001,46.68193817138672,0.15,1
162,649.0,44.71636962890625,0.15,1
163,739.0,42.183380126953125,0.15,1
164,836.9999999999999,41.60124588012695,0.15,1
165,812.0,41.44504928588867,0.15,1
166,949.0,41.05410385131836,0.15,1
167,810.0,40.65891647338867,0.15,1
168,610.0,47.76722717285156,0.15,1
169,643.0,45.5721435546875,0.15,1
170,692.0,43.73227310180664,0.15,1
171,698.0,42.5675048828125,0.15,1
172,703.9999999999999,41.94871520996094,0.15,1
173,760.0,41.248817443847656,0.15,1
174,795.0,40.594627380371094,0.15,1
175,632.0,44.97148895263672,0.15,1
176,643.0,44.05696105957031,0.15,1
177,746.0,43.29828643798828,0.15,1
178,766.0000000000001,41.2052001953125,0.15,1
179,881.0,40.81251525878906,0.15,1
180,876.0,40.58854675292969,0.15,1
181,1064.0,39.768890380859375,0.15,1
182,863.0,43.44950866699219,0.15,1
183,880.0,40.96929931640625,0.15,1
184,970.0,39.84404373168945,0.15,1
185,1222.0,39.36577606201172,0.15,1
186,1239.0,38.388702392578125,0.15,1
187,1309.0,38.44147491455078,0.15,1
188,1274.0,37.44700241088867,0.15,1
189,841.0000000000001,44.061824798583984,0.15,1
190,1001.0,41.99214553833008,0.15,1
191,967.0,41.045955657958984,0.15,1
192,1100.0,40.195960998535156,0.15,1
193,1128.0,39.807491302490234,0.15,1
194,1132.0,38.7691764831543,0.15,1
195,1073.0,38.48831558227539,0.15,1
196,771.0,44.43657302856445,0.15,1
197,843.0000000000001,42.7519416809082,0.15,1
198,806.9999999999999,41.94872283935547,0.15,1
199,833.0,41.490516662597656,0.15,1
200,808.9999999999999,40.74443435668945,0.15,1
201,889.0,40.43675231933594,0.15,1
202,872.0,40.32216262817383,0.15,1
203,771.0,45.096336364746094,0.15,1
204,853.0,42.24016571044922,0.15,1
205,887.0,38.204124450683594,0.15,1
206,1128.0,40.4118766784668,0.15,1
207,1100.0,39.43879699707031,0.15,1
208,1085.0,39.156986236572266,0.15,1
209,958.9999999999999,39.33222198486328,0.15,1
210,756.0,44.77964782714844,0.15,1
211,875.0,42.3493766784668,0.15,1
212,835.0,41.46657943725586,0.15,1
213,1000.0,40.72850799560547,0.15,1
214,1015.0,39.932674407958984,0.15,1
215,1089.0,38.313255310058594,0.15,1
216,983.0,38.73374557495117,0.15,1
217,793.0,43.58399963378906,0.15,1
218,1435.0,38.17254638671875,0.15,1
219,915.0,38.91360092163086,0.15,1
220,1132.0,38.6570930480957,0.15,1
221,1137.9999999999998,38.19721984863281,0.15,1
222,1032.9999999999998,38.15829086303711,0.15,1
223,925.0,38.58246612548828,0.15,1
224,610.0,47.02814865112305,0.15,1
225,828.0000000000001,42.70351028442383,0.15,1
226,862.0,40.93455123901367,0.15,1
227,1012.0,40.23197937011719,0.15,1
228,1133.0,37.593318939208984,0.15,1
229,1119.0,38.245059967041016,0.15,1
230,963.0000000000001,39.74811935424805,0.15,1
231,658.0,47.22394561767578,0.15,1
232,686.9999999999999,43.9788703918457,0.15,1
233,669.0,42.16563415527344,0.15,1
234,691.0000000000001,41.832733154296875,0.15,1
235,771.0,41.581851959228516,0.15,1
236,815.0,41.062843322753906,0.15,1
237,825.0,40.45579528808594,0.15,1
238,688.0,45.78582763671875,0.15,1
239,790.0,42.84657287597656,0.15,1
240,911.0,41.22467041015625,0.15,1
241,1030.0,39.82698440551758,0.15,1
242,1191.0,39.49171447753906,0.15,1
243,1210.0,36.70888900756836,0.15,1
244,1147.0,38.08890914916992,0.15,1
245,842.0,43.14993667602539,0.15,1
246,881.9999999999999,42.263328552246094,0.15,1
247,885.0,41.435909271240234,0.15,1
248,923.0,41.19684600830078,0.15,1
249,979.0,40.52366256713867,0.15,1
250,1021.0,39.910614013671875,0.15,1
251,1071.0,39.558265686035156,0.15,1
252,651.0,44.90081024169922,0.15,1
253,754.0,43.62947082519531,0.15,1
254,851.0,42.30186080932617,0.15,1
255,911.9999999999999,41.66105270385742,0.15,1
256,906.0,41.110416412353516,0.15,1
257,998.0,40.516685485839844,0.15,1
258,966.0000000000001,40.41908264160156,0.15,1
259,676.0000000000001,44.996360778808594,0.15,1
260,808.9999999999999,43.030609130859375,0.15,1
261,810.0,42.71783447265625,0.15,1
0,591.0,45.1838493347168,0.3,1
1,603.0,42.17494583129883,0.3,1
2,602.0,42.055824279785156,0.3,1
3,701.0,40.410213470458984,0.3,1
4,783.0000000000001,38.99645233154297,0.3,1
5,688.9999999999999,39.66342544555664,0.3,1
6,766.0000000000001,39.28611373901367,0.3,1
7,691.0000000000001,44.86003875732422,0.3,1
8,761.9999999999999,41.879005432128906,0.3,1
9,789.0,40.15234375,0.3,1
10,844.0,38.66910171508789,0.3,1
11,774.0,39.06147384643555,0.3,1
12,908.0,38.564910888671875,0.3,1
13,928.9999999999999,37.072059631347656,0.3,1
14,814.0,41.453857421875,0.3,1
15,1044.0,38.69660949707031,0.3,1
16,1131.0,37.61744689941406,0.3,1
17,1072.0,36.948429107666016,0.3,1
18,1037.0000000000002,37.932064056396484,0.3,1
19,1127.0000000000002,37.84378433227539,0.3,1
20,1032.9999999999998,38.1978759765625,0.3,1
21,700.0,42.1861572265625,0.3,1
22,917.0,37.80743408203125,0.3,1
23,976.0,37.45077133178711,0.3,1
24,1161.0,37.83884811401367,0.3,1
25,1082.0000000000002,37.07695770263672,0.3,1
26,1293.0,37.521583557128906,0.3,1
27,1191.0,36.81264114379883,0.3,1
28,781.0000000000001,41.794654846191406,0.3,1
29,842.0,40.74067306518555,0.3,1
30,1057.0,39.746395111083984,0.3,1
31,1111.0,36.293216705322266,0.3,1
32,1245.0,36.96736526489258,0.3,1
33,1321.0,35.026554107666016,0.3,1
34,1247.0000000000002,35.162620544433594,0.3,1
35,716.9999999999999,42.70039749145508,0.3,1
36,864.0,40.8740348815918,0.3,1
37,808.0,39.4509391784668,0.3,1
38,898.9999999999999,39.44639205932617,0.3,1
39,894.0,39.36075973510742,0.3,1
40,1009.0,38.57797622680664,0.3,1
41,958.0,38.26820373535156,0.3,1
42,637.0,45.02602767944336,0.3,1
43,688.9999999999999,43.02119827270508,0.3,1
44,683.0,41.113739013671875,0.3,1
45,721.0000000000001,39.41124725341797,0.3,1
46,868.9999999999999,38.088623046875,0.3,1
47,920.0,37.93001937866211,0.3,1
48,833.0,37.91548538208008,0.3,1
49,612.0,44.887332916259766,0.3,1
50,774.0,41.372406005859375,0.3,1
51,859.0,38.74735641479492,0.3,1
52,916.0000000000001,37.39400100708008,0.3,1
53,986.9999999999999,37.773338317871094,0.3,1
54,1096.0,37.38124465942383,0.3,1
55,1091.0,37.456634521484375,0.3,1
56,736.0000000000001,41.107452392578125,0.3,1
57,1034.0,38.6342887878418,0.3,1
58,998.0,38.30514144897461,0.3,1
59,1130.0,36.521549224853516,0.3,1
60,1090.0,35.088436126708984,0.3,1
61,1235.0,33.198665618896484,0.3,1
62,1401.0000000000002,34.58055877685547,0.3,1
63,838.9999999999999,41.84980010986328,0.3,1
64,868.9999999999999,41.19069290161133,0.3,1
65,872.0,39.94557189941406,0.3,1
66,976.0,37.29987716674805,0.3,1
67,1074.0,35.7622184753418,0.3,1
68,1226.0,36.66728973388672,0.3,1
69,1274.0,35.595550537109375,0.3,1
70,841.0000000000001,39.78681945800781,0.3,1
71,900.0,39.353065490722656,0.3,1
72,987.9999999999998,39.44358825683594,0.3,1
73,1028.0,39.1903190612793,0.3,1
74,1039.0,38.33984375,0.3,1
75,998.0,38.19295883178711,0.3,1
76,1059.0,38.3505744934082,0.3,1
77,686.0,43.37199020385742,0.3,1
78,952.0,40.40989303588867,0.3,1
79,975.0,38.40629577636719,0.3,1
80,1017.9999999999998,38.579524993896484,0.3,1
81,1010.0,38.82505798339844,0.3,1
82,1110.0,38.095001220703125,0.3,1
83,1116.0,37.83491897583008,0.3,1
84,613.9999999999999,45.18886184692383,0.3,1
85,733.0,41.43413162231445,0.3,1
86,727.0,40.83335494995117,0.3,1
87,814.0,39.99470901489258,0.3,1
88,816.0,39.73120880126953,0.3,1
89,876.0,39.10805892944336,0.3,1
90,997.0,38.490238189697266,0.3,1
91,802.0,41.78450393676758,0.3,1
92,966.0000000000001,40.122833251953125,0.3,1
93,913.9999999999999,40.115684509277344,0.3,1
94,1020.0,39.45558166503906,0.3,1
95,1024.0,38.719783782958984,0.3,1
96,1077.9999999999998,37.649837493896484,0.3,1
97,1060.0,37.66965866088867,0.3,1
98,666.0,43.3194580078125,0.3,1
99,751.0000000000001,41.33110046386719,0.3,1
100,750.0,39.459590911865234,0.3,1
101,743.0,38.87294006347656,0.3,1
102,758.0,39.28682327270508,0.3,1
103,876.0,38.885738372802734,0.3,1
104,746.0,39.407833099365234,0.3,1
105,726.0,44.07196807861328,0.3,1
106,768.0000000000001,41.29171371459961,0.3,1
107,731.9999999999999,40.69265365600586,0.3,1
108,754.0,39.5738410949707,0.3,1
109,834.0,39.61004638671875,0.3,1
110,870.0,38.862186431884766,0.3,1
111,833.0,38.06050491333008,0.3,1
112,752.0,42.583099365234375,0.3,1
113,850.0,39.48324203491211,0.3,1
114,856.0000000000001,38.93250274658203,0.3,1
115,841.0000000000001,39.114498138427734,0.3,1
116,880.0,37.873252868652344,0.3,1
117,1103.0,36.70975112915039,0.3,1
118,1163.0,35.5084228515625,0.3,1
119,1022.0000000000002,36.82075119018555,0.3,1
120,1176.0,37.05793380737305,0.3,1
121,1032.0,36.331512451171875,0.3,1
122,1042.0,37.345542907714844,0.3,1
123,951.0,37.79881286621094,0.3,1
124,996.0000000000001,38.2114143371582,0.3,1
125,952.0,37.796470642089844,0.3,1
126,699.0,44.06938552856445,0.3,1
127,748.9999999999999,41.09114074707031,0.3,1
128,806.9999999999999,39.95654296875,0.3,1
129,848.0,38.89805221557617,0.3,1
130,849.0,38.40251541137695,0.3,1
131,952.0,38.516624450683594,0.3,1
132,1070.0,38.13064956665039,0.3,1
133,875.0,41.554229736328125,0.3,1
134,904.0,39.22529983520508,0.3,1
135,1027.0,38.841190338134766,0.3,1
136,1184.0,37.12345886230469,0.3,1
137,1099.0,36.03888702392578,0.3,1
138,1107.9999999999998,36.412269592285156,0.3,1
139,1118.0,36.51359939575195,0.3,1
140,738.0000000000001,44.08969497680664,0.3,1
141,790.0,40.4359016418457,0.3,1
142,796.0000000000001,39.18171310424805,0.3,1
143,857.0,38.22275161743164,0.3,1
144,811.0000000000001,38.885013580322266,0.3,1
145,806.9999999999999,38.80002212524414,0.3,1
146,811.0000000000001,38.97565460205078,0.3,1
147,625.0,46.472877502441406,0.3,1
148,690.0,42.844425201416016,0.3,1
149,675.0,41.86325454711914,0.3,1
150,703.9999999999999,40.572715759277344,0.3,1
151,723.0000000000001,40.16961669921875,0.3,1
152,731.0,39.564170837402344,0.3,1
153,766.0000000000001,39.53107833862305,0.3,1
154,721.0000000000001,43.443077087402344,0.3,1
155,716.9999999999999,41.01052474975586,0.3,1
156,746.0,40.44091796875,0.3,1
157,844.0,39.048526763916016,0.3,1
158,913.9999999999999,39.01988220214844,0.3,1
159,891.0,38.99722671508789,0.3,1
160,838.9999999999999,39.26130294799805,0.3,1
161,631.0000000000001,44.57950210571289,0.3,1
162,649.0,42.576934814453125,0.3,1
163,739.0,40.4128303527832,0.3,1
164,836.9999999999999,39.346553802490234,0.3,1
165,812.0,39.90630340576172,0.3,1
166,949.0,39.38616180419922,0.3,1
167,810.0,39.20634841918945,0.3,1
168,610.0,46.75008010864258,0.3,1
169,643.0,43.24911880493164,0.3,1
170,692.0,41.36623001098633,0.3,1
171,698.0,39.93743133544922,0.3,1
172,703.9999999999999,40.21942138671875,0.3,1
173,760.0,39.91763687133789,0.3,1
174,795.0,39.694305419921875,0.3,1
175,632.0,42.93686294555664,0.3,1
176,643.0,40.35572052001953,0.3,1
177,746.0,40.069889068603516,0.3,1
178,766.0000000000001,39.96597671508789,0.3,1
179,881.0,38.58522415161133,0.3,1
180,876.0,38.34550094604492,0.3,1
181,1064.0,37.98199462890625,0.3,1
182,863.0,38.951568603515625,0.3,1
183,880.0,35.9012451171875,0.3,1
184,970.0,35.66010665893555,0.3,1
185,1222.0,36.72200393676758,0.3,1
186,1239.0,38.33238983154297,0.3,1
187,1309.0,35.936363220214844,0.3,1
188,1274.0,35.298004150390625,0.3,1
189,841.0000000000001,42.62546920776367,0.3,1
190,1001.0,39.567806243896484,0.3,1
191,967.0,38.13578796386719,0.3,1
192,1100.0,38.72267150878906,0.3,1
193,1128.0,35.387062072753906,0.3,1
194,1132.0,36.38254928588867,0.3,1
195,1073.0,35.491573333740234,0.3,1
196,771.0,40.69034957885742,0.3,1
197,843.0000000000001,38.74623107910156,0.3,1
198,806.9999999999999,37.651161193847656,0.3,1
199,833.0,39.75034713745117,0.3,1
200,808.9999999999999,39.70811080932617,0.3,1
201,889.0,38.96758270263672,0.3,1
202,872.0,38.99106979370117,0.3,1
203,771.0,43.80644226074219,0.3,1
204,853.0,39.683082580566406,0.3,1
205,887.0,36.18414306640625,0.3,1
206,1128.0,36.17444610595703,0.3,1
207,1100.0,35.542911529541016,0.3,1
208,1085.0,37.32408905029297,0.3,1
209,958.9999999999999,37.332557678222656,0.3,1
210,756.0,43.221004486083984,0.3,1
211,875.0,40.69565200805664,0.3,1
212,835.0,39.58583450317383,0.3,1
213,1000.0,38.325294494628906,0.3,1
214,1015.0,37.992584228515625,0.3,1
215,1089.0,37.603153228759766,0.3,1
216,983.0,36.97928237915039,0.3,1
217,793.0,40.719146728515625,0.3,1
218,1435.0,37.23217010498047,0.3,1
219,915.0,37.84046173095703,0.3,1
220,1132.0,37.488319396972656,0.3,1
221,1137.9999999999998,37.48670959472656,0.3,1
222,1032.9999999999998,37.734371185302734,0.3,1
223,925.0,37.97691345214844,0.3,1
224,610.0,44.51422882080078,0.3,1
225,828.0000000000001,40.579872131347656,0.3,1
226,862.0,38.42905044555664,0.3,1
227,1012.0,38.080055236816406,0.3,1
228,1133.0,34.878170013427734,0.3,1
229,1119.0,37.038700103759766,0.3,1
230,963.0000000000001,38.07490539550781,0.3,1
231,658.0,45.32845687866211,0.3,1
232,686.9999999999999,42.96471405029297,0.3,1
233,669.0,41.52009201049805,0.3,1
234,691.0000000000001,40.50703811645508,0.3,1
235,771.0,39.82244110107422,0.3,1
236,815.0,39.128475189208984,0.3,1
237,825.0,38.689090728759766,0.3,1
238,688.0,43.723297119140625,0.3,1
239,790.0,38.63176345825195,0.3,1
240,911.0,38.8499641418457,0.3,1
241,1030.0,37.409854888916016,0.3,1
242,1191.0,36.69629669189453,0.3,1
243,1210.0,37.4321174621582,0.3,1
244,1147.0,37.674522399902344,0.3,1
245,842.0,42.53514099121094,0.3,1
246,881.9999999999999,39.22328186035156,0.3,1
247,885.0,40.1957893371582,0.3,1
248,923.0,39.25245666503906,0.3,1
249,979.0,38.251033782958984,0.3,1
250,1021.0,38.328025817871094,0.3,1
251,1071.0,37.44692611694336,0.3,1
252,651.0,43.915496826171875,0.3,1
253,754.0,41.13240051269531,0.3,1
254,851.0,39.79356384277344,0.3,1
255,911.9999999999999,39.95418930053711,0.3,1
256,906.0,39.21818923950195,0.3,1
257,998.0,37.63180160522461,0.3,1
258,966.0000000000001,37.73078918457031,0.3,1
259,676.0000000000001,44.39030838012695,0.3,1
260,808.9999999999999,41.08382034301758,0.3,1
261,810.0,41.416019439697266,0.3,1
0,591.0,42.98562240600586,0.46,1
1,603.0,39.58510208129883,0.46,1
2,602.0,37.7744140625,0.46,1
3,701.0,36.57536697387695,0.46,1
4,783.0000000000001,35.49129867553711,0.46,1
5,688.9999999999999,35.48533248901367,0.46,1
6,766.0000000000001,35.815460205078125,0.46,1
7,691.0000000000001,42.42976379394531,0.46,1
8,761.9999999999999,39.228485107421875,0.46,1
9,789.0,36.9256477355957,0.46,1
10,844.0,36.237300872802734,0.46,1
11,774.0,36.551597595214844,0.46,1
12,908.0,35.93580627441406,0.46,1
13,928.9999999999999,34.410301208496094,0.46,1
14,814.0,37.776817321777344,0.46,1
15,1044.0,36.15934753417969,0.46,1
16,1131.0,34.004112243652344,0.46,1
17,1072.0,34.12569046020508,0.46,1
18,1037.0000000000002,35.4490966796875,0.46,1
19,1127.0000000000002,35.71538162231445,0.46,1
20,1032.9999999999998,35.90492248535156,0.46,1
21,700.0,40.596412658691406,0.46,1
22,917.0,37.89967727661133,0.46,1
23,976.0,35.44215774536133,0.46,1
24,1161.0,34.560420989990234,0.46,1
25,1082.0000000000002,33.85340881347656,0.46,1
26,1293.0,33.569190979003906,0.46,1
27,1191.0,33.83746337890625,0.46,1
28,781.0000000000001,40.64323806762695,0.46,1
29,842.0,37.85080337524414,0.46,1
30,1057.0,36.501930236816406,0.46,1
31,1111.0,33.58070755004883,0.46,1
32,1245.0,35.02976608276367,0.46,1
33,1321.0,33.58830261230469,0.46,1
34,1247.0000000000002,33.65939712524414,0.46,1
35,716.9999999999999,41.89322280883789,0.46,1
36,864.0,39.147499084472656,0.46,1
37,808.0,36.78878402709961,0.46,1
38,898.9999999999999,36.04243850708008,0.46,1
39,894.0,35.939064025878906,0.46,1
40,1009.0,36.177581787109375,0.46,1
41,958.0,36.37077331542969,0.46,1
42,637.0,43.22025680541992,0.46,1
43,688.9999999999999,39.72624206542969,0.46,1
44,683.0,37.69430923461914,0.46,1
45,721.0000000000001,37.280006408691406,0.46,1
46,868.9999999999999,35.16720199584961,0.46,1
47,920.0,35.008148193359375,0.46,1
48,833.0,35.47774124145508,0.46,1
49,612.0,42.814083099365234,0.46,1
50,774.0,39.95600128173828,0.46,1
51,859.0,37.61318588256836,0.46,1
52,916.0000000000001,36.123924255371094,0.46,1
53,986.9999999999999,35.44173049926758,0.46,1
54,1096.0,34.92877960205078,0.46,1
55,1091.0,35.07201385498047,0.46,1
56,736.0000000000001,40.176944732666016,0.46,1
57,1034.0,36.75419235229492,0.46,1
58,998.0,35.15312957763672,0.46,1
59,1130.0,33.66344451904297,0.46,1
60,1090.0,32.42848205566406,0.46,1
61,1235.0,31.610658645629883,0.46,1
62,1401.0000000000002,31.416324615478516,0.46,1
63,838.9999999999999,38.07863998413086,0.46,1
64,868.9999999999999,36.35911178588867,0.46,1
65,872.0,36.68769073486328,0.46,1
66,976.0,35.1483154296875,0.46,1
67,1074.0,34.087711334228516,0.46,1
68,1226.0,33.81120300292969,0.46,1
69,1274.0,33.5790901184082,0.46,1
70,841.0000000000001,37.931034088134766,0.46,1
71,900.0,36.240177154541016,0.46,1
72,987.9999999999998,35.19828796386719,0.46,1
73,1028.0,35.81074523925781,0.46,1
74,1039.0,35.2612419128418,0.46,1
75,998.0,35.69557189941406,0.46,1
76,1059.0,35.43651580810547,0.46,1
77,686.0,41.70872497558594,0.46,1
78,952.0,38.00596237182617,0.46,1
79,975.0,36.55546188354492,0.46,1
80,1017.9999999999998,35.477760314941406,0.46,1
81,1010.0,35.51188278198242,0.46,1
82,1110.0,35.68096923828125,0.46,1
83,1116.0,35.88051223754883,0.46,1
84,613.9999999999999,42.95198440551758,0.46,1
85,733.0,39.947608947753906,0.46,1
86,727.0,38.680442810058594,0.46,1
87,814.0,37.58561706542969,0.46,1
88,816.0,36.52552795410156,0.46,1
89,876.0,35.380035400390625,0.46,1
90,997.0,34.919315338134766,0.46,1
91,802.0,38.639888763427734,0.46,1
92,966.0000000000001,37.45962142944336,0.46,1
93,913.9999999999999,36.675567626953125,0.46,1
94,1020.0,36.74031448364258,0.46,1
95,1024.0,36.621280670166016,0.46,1
96,1077.9999999999998,36.464141845703125,0.46,1
97,1060.0,35.96596908569336,0.46,1
98,666.0,41.93388366699219,0.46,1
99,751.0000000000001,38.98675537109375,0.46,1
100,750.0,37.28122329711914,0.46,1
101,743.0,36.73176193237305,0.46,1
102,758.0,36.32268142700195,0.46,1
103,876.0,36.022247314453125,0.46,1
104,746.0,35.75153350830078,0.46,1
105,726.0,41.608306884765625,0.46,1
106,768.0000000000001,38.819252014160156,0.46,1
107,731.9999999999999,37.546104431152344,0.46,1
108,754.0,37.13661575317383,0.46,1
109,834.0,36.175350189208984,0.46,1
110,870.0,35.8154182434082,0.46,1
111,833.0,35.948760986328125,0.46,1
112,752.0,40.46324157714844,0.46,1
113,850.0,37.11237716674805,0.46,1
114,856.0000000000001,37.24381637573242,0.46,1
115,841.0000000000001,36.5952033996582,0.46,1
116,880.0,34.84501266479492,0.46,1
117,1103.0,34.03621292114258,0.46,1
118,1163.0,33.93141555786133,0.46,1
119,1022.0000000000002,37.61939239501953,0.46,1
120,1176.0,35.393402099609375,0.46,1
121,1032.0,34.8044319152832,0.46,1
122,1042.0,34.52743148803711,0.46,1
123,951.0,34.70505142211914,0.46,1
124,996.0000000000001,34.970794677734375,0.46,1
125,952.0,35.9837532043457,0.46,1
126,699.0,41.53971481323242,0.46,1
127,748.9999999999999,37.95454025268555,0.46,1
128,806.9999999999999,35.92362594604492,0.46,1
129,848.0,35.612266540527344,0.46,1
130,849.0,35.423683166503906,0.46,1
131,952.0,35.01266098022461,0.46,1
132,1070.0,35.3903923034668,0.46,1
133,875.0,37.85940933227539,0.46,1
134,904.0,35.13016128540039,0.46,1
135,1027.0,34.57139205932617,0.46,1
136,1184.0,33.86872100830078,0.46,1
137,1099.0,32.68354415893555,0.46,1
138,1107.9999999999998,32.99138259887695,0.46,1
139,1118.0,33.314659118652344,0.46,1
140,738.0000000000001,40.58757019042969,0.46,1
141,790.0,37.21296691894531,0.46,1
142,796.0000000000001,35.88363265991211,0.46,1
143,857.0,35.494415283203125,0.46,1
144,811.0000000000001,35.84466552734375,0.46,1
145,806.9999999999999,35.95179748535156,0.46,1
146,811.0000000000001,36.17966842651367,0.46,1
147,625.0,43.973392486572266,0.46,1
148,690.0,40.81525421142578,0.46,1
149,675.0,38.2121467590332,0.46,1
150,703.9999999999999,37.56437301635742,0.46,1
151,723.0000000000001,37.08588790893555,0.46,1
152,731.0,37.64609909057617,0.46,1
153,766.0000000000001,37.01506423950195,0.46,1
154,721.0000000000001,41.2466926574707,0.46,1
155,716.9999999999999,38.26774215698242,0.46,1
156,746.0,37.34662628173828,0.46,1
157,844.0,36.513729095458984,0.46,1
158,913.9999999999999,35.991004943847656,0.46,1
159,891.0,35.89420700073242,0.46,1
160,838.9999999999999,36.548946380615234,0.46,1
161,631.0000000000001,42.928810119628906,0.46,1
162,649.0,39.56920623779297,0.46,1
163,739.0,37.562950134277344,0.46,1
164,836.9999999999999,36.65982437133789,0.46,1
165,812.0,37.02812194824219,0.46,1
166,949.0,36.941558837890625,0.46,1
167,810.0,36.70810317993164,0.46,1
168,610.0,43.81511306762695,0.46,1
169,643.0,40.2551383972168,0.46,1
170,692.0,39.29935073852539,0.46,1
171,698.0,37.974571228027344,0.46,1
172,703.9999999999999,37.63496017456055,0.46,1
173,760.0,37.472808837890625,0.46,1
174,795.0,36.77478790283203,0.46,1
175,632.0,41.86979675292969,0.46,1
176,643.0,38.000404357910156,0.46,1
177,746.0,37.08642578125,0.46,1
178,766.0000000000001,36.163944244384766,0.46,1
179,881.0,35.33657455444336,0.46,1
180,876.0,35.334354400634766,0.46,1
181,1064.0,33.7022590637207,0.46,1
182,863.0,37.73325729370117,0.46,1
183,880.0,34.9532585144043,0.46,1
184,970.0,35.01949691772461,0.46,1
185,1222.0,33.17839813232422,0.46,1
186,1239.0,34.10798645019531,0.46,1
187,1309.0,33.17732620239258,0.46,1
188,1274.0,32.98066711425781,0.46,1
189,841.0000000000001,40.973819732666016,0.46,1
190,1001.0,37.775390625,0.46,1
191,967.0,34.985137939453125,0.46,1
192,1100.0,33.777992248535156,0.46,1
193,1128.0,32.82962417602539,0.46,1
194,1132.0,32.278846740722656,0.46,1
195,1073.0,32.84811019897461,0.46,1
196,771.0,38.34846878051758,0.46,1
197,843.0000000000001,36.0578498840332,0.46,1
198,806.9999999999999,35.49851989746094,0.46,1
199,833.0,34.73253631591797,0.46,1
200,808.9999999999999,35.947723388671875,0.46,1
201,889.0,36.67648696899414,0.46,1
202,872.0,35.84215545654297,0.46,1
203,771.0,39.421783447265625,0.46,1
204,853.0,35.61992645263672,0.46,1
205,887.0,34.81614303588867,0.46,1
206,1128.0,35.82432556152344,0.46,1
207,1100.0,34.34071731567383,0.46,1
208,1085.0,34.01093292236328,0.46,1
209,958.9999999999999,35.1767463684082,0.46,1
210,756.0,41.72690963745117,0.46,1
211,875.0,38.47572326660156,0.46,1
212,835.0,36.25191116333008,0.46,1
213,1000.0,34.800376892089844,0.46,1
214,1015.0,34.38008117675781,0.46,1
215,1089.0,33.99937438964844,0.46,1
216,983.0,34.0929069519043,0.46,1
217,793.0,38.175384521484375,0.46,1
218,1435.0,34.97039794921875,0.46,1
219,915.0,34.73737335205078,0.46,1
220,1132.0,34.89603805541992,0.46,1
221,1137.9999999999998,35.66020965576172,0.46,1
222,1032.9999999999998,35.28800964355469,0.46,1
223,925.0,35.2202262878418,0.46,1
224,610.0,43.38831329345703,0.46,1
225,828.0000000000001,38.01268005371094,0.46,1
226,862.0,35.976932525634766,0.46,1
227,1012.0,35.08177185058594,0.46,1
228,1133.0,34.34183120727539,0.46,1
229,1119.0,35.278831481933594,0.46,1
230,963.0000000000001,35.47734832763672,0.46,1
231,658.0,42.964515686035156,0.46,1
232,686.9999999999999,39.540706634521484,0.46,1
233,669.0,38.447879791259766,0.46,1
234,691.0000000000001,36.80590057373047,0.46,1
235,771.0,36.713375091552734,0.46,1
236,815.0,36.008113861083984,0.46,1
237,825.0,35.53678894042969,0.46,1
238,688.0,42.7109375,0.46,1
239,790.0,36.53736114501953,0.46,1
240,911.0,34.20170211791992,0.46,1
241,1030.0,33.12030029296875,0.46,1
242,1191.0,32.4182014465332,0.46,1
243,1210.0,32.023468017578125,0.46,1
244,1147.0,32.60129165649414,0.46,1
245,842.0,40.738162994384766,0.46,1
246,881.9999999999999,37.71297836303711,0.46,1
247,885.0,36.4158821105957,0.46,1
248,923.0,35.94182586669922,0.46,1
249,979.0,35.4027214050293,0.46,1
250,1021.0,34.78007125854492,0.46,1
251,1071.0,34.13716506958008,0.46,1
252,651.0,40.78011703491211,0.46,1
253,754.0,38.43657684326172,0.46,1
254,851.0,37.5133171081543,0.46,1
255,911.9999999999999,36.792633056640625,0.46,1
256,906.0,36.622955322265625,0.46,1
257,998.0,35.12944412231445,0.46,1
258,966.0000000000001,35.635372161865234,0.46,1
259,676.0000000000001,42.175785064697266,0.46,1
260,808.9999999999999,38.084415435791016,0.46,1
261,810.0,37.9836540222168,0.46,1
0,591.0,41.33845520019531,0.6,1
1,603.0,38.18764114379883,0.6,1
2,602.0,35.8809700012207,0.6,1
3,701.0,34.6336555480957,0.6,1
4,783.0000000000001,34.18559646606445,0.6,1
5,688.9999999999999,34.031829833984375,0.6,1
6,766.0000000000001,33.42741394042969,0.6,1
7,691.0000000000001,41.8245849609375,0.6,1
8,761.9999999999999,38.195884704589844,0.6,1
9,789.0,36.093753814697266,0.6,1
10,844.0,35.24102783203125,0.6,1
11,774.0,33.79784393310547,0.6,1
12,908.0,33.21174621582031,0.6,1
13,928.9999999999999,32.99185562133789,0.6,1
14,814.0,37.254920959472656,0.6,1
15,1044.0,34.58048629760742,0.6,1
16,1131.0,33.51743698120117,0.6,1
17,1072.0,32.5113525390625,0.6,1
18,1037.0000000000002,32.29851150512695,0.6,1
19,1127.0000000000002,32.46152114868164,0.6,1
20,1032.9999999999998,32.50420379638672,0.6,1
21,700.0,37.99408721923828,0.6,1
22,917.0,34.39108657836914,0.6,1
23,976.0,32.94086837768555,0.6,1
24,1161.0,31.345731735229492,0.6,1
25,1082.0000000000002,31.62403106689453,0.6,1
26,1293.0,30.945796966552734,0.6,1
27,1191.0,31.4298038482666,0.6,1
28,781.0000000000001,39.388912200927734,0.6,1
29,842.0,35.21466064453125,0.6,1
30,1057.0,33.09846115112305,0.6,1
31,1111.0,32.27008056640625,0.6,1
32,1245.0,31.360923767089844,0.6,1
33,1321.0,30.538169860839844,0.6,1
34,1247.0000000000002,30.34441375732422,0.6,1
35,716.9999999999999,40.02405548095703,0.6,1
36,864.0,36.67311096191406,0.6,1
37,808.0,34.8085823059082,0.6,1
38,898.9999999999999,33.30493927001953,0.6,1
39,894.0,32.60136032104492,0.6,1
40,1009.0,32.32762908935547,0.6,1
41,958.0,32.78511047363281,0.6,1
42,637.0,41.66517639160156,0.6,1
43,688.9999999999999,38.414642333984375,0.6,1
44,683.0,36.765445709228516,0.6,1
45,721.0000000000001,35.202659606933594,0.6,1
46,868.9999999999999,33.39301300048828,0.6,1
47,920.0,33.37743377685547,0.6,1
48,833.0,33.140506744384766,0.6,1
49,612.0,40.84627914428711,0.6,1
50,774.0,37.16569137573242,0.6,1
51,859.0,34.88093566894531,0.6,1
52,916.0000000000001,33.28765869140625,0.6,1
53,986.9999999999999,32.354278564453125,0.6,1
54,1096.0,30.8477840423584,0.6,1
55,1091.0,31.158401489257812,0.6,1
56,736.0000000000001,37.189334869384766,0.6,1
57,1034.0,33.27462387084961,0.6,1
58,998.0,32.34187698364258,0.6,1
59,1130.0,31.649295806884766,0.6,1
60,1090.0,31.50302505493164,0.6,1
61,1235.0,30.963869094848633,0.6,1
62,1401.0000000000002,30.2775936126709,0.6,1
63,838.9999999999999,37.20881271362305,0.6,1
64,868.9999999999999,35.29228591918945,0.6,1
65,872.0,35.22288131713867,0.6,1
66,976.0,33.13544464111328,0.6,1
67,1074.0,33.210166931152344,0.6,1
68,1226.0,31.12470054626465,0.6,1
69,1274.0,31.61193084716797,0.6,1
70,841.0000000000001,36.48029327392578,0.6,1
71,900.0,33.83171081542969,0.6,1
72,987.9999999999998,32.08735275268555,0.6,1
73,1028.0,31.766693115234375,0.6,1
74,1039.0,31.777013778686523,0.6,1
75,998.0,31.315401077270508,0.6,1
76,1059.0,31.257198333740234,0.6,1
77,686.0,39.55673599243164,0.6,1
78,952.0,35.90428161621094,0.6,1
79,975.0,33.46162796020508,0.6,1
80,1017.9999999999998,32.650936126708984,0.6,1
81,1010.0,32.88179016113281,0.6,1
82,1110.0,33.28900146484375,0.6,1
83,1116.0,32.64936065673828,0.6,1
84,613.9999999999999,40.35779571533203,0.6,1
85,733.0,37.54027557373047,0.6,1
86,727.0,35.91350555419922,0.6,1
87,814.0,34.877323150634766,0.6,1
88,816.0,33.87190246582031,0.6,1
89,876.0,32.70974349975586,0.6,1
90,997.0,32.56539535522461,0.6,1
91,802.0,38.560890197753906,0.6,1
92,966.0000000000001,35.19123077392578,0.6,1
93,913.9999999999999,33.30744934082031,0.6,1
94,1020.0,33.003597259521484,0.6,1
95,1024.0,33.031761169433594,0.6,1
96,1077.9999999999998,32.75043869018555,0.6,1
97,1060.0,32.73124694824219,0.6,1
98,666.0,40.46765899658203,0.6,1
99,751.0000000000001,37.40156555175781,0.6,1
100,750.0,35.97550964355469,0.6,1
101,743.0,34.562705993652344,0.6,1
102,758.0,34.0466194152832,0.6,1
103,876.0,34.18331527709961,0.6,1
104,746.0,34.17863082885742,0.6,1
105,726.0,40.852542877197266,0.6,1
106,768.0000000000001,36.58515167236328,0.6,1
107,731.9999999999999,35.53187561035156,0.6,1
108,754.0,34.965293884277344,0.6,1
109,834.0,34.39327621459961,0.6,1
110,870.0,33.58143615722656,0.6,1
111,833.0,33.810760498046875,0.6,1
112,752.0,38.858306884765625,0.6,1
113,850.0,35.055328369140625,0.6,1
114,856.0000000000001,33.592254638671875,0.6,1
115,841.0000000000001,33.152748107910156,0.6,1
116,880.0,32.62179946899414,0.6,1
117,1103.0,31.698396682739258,0.6,1
118,1163.0,30.118383407592773,0.6,1
119,1022.0000000000002,35.53279495239258,0.6,1
120,1176.0,31.992511749267578,0.6,1
121,1032.0,31.50335121154785,0.6,1
122,1042.0,31.7128963470459,0.6,1
123,951.0,32.39583206176758,0.6,1
124,996.0000000000001,32.7266845703125,0.6,1
125,952.0,33.47187805175781,0.6,1
126,699.0,40.121826171875,0.6,1
127,748.9999999999999,37.115299224853516,0.6,1
128,806.9999999999999,35.147789001464844,0.6,1
129,848.0,34.369239807128906,0.6,1
130,849.0,33.30632019042969,0.6,1
131,952.0,32.547454833984375,0.6,1
132,1070.0,33.25895690917969,0.6,1
133,875.0,37.74300003051758,0.6,1
134,904.0,35.599342346191406,0.6,1
135,1027.0,33.72207260131836,0.6,1
136,1184.0,32.348934173583984,0.6,1
137,1099.0,30.830110549926758,0.6,1
138,1107.9999999999998,30.90673828125,0.6,1
139,1118.0,30.863117218017578,0.6,1
140,738.0000000000001,39.68974304199219,0.6,1
141,790.0,36.800228118896484,0.6,1
142,796.0000000000001,34.75325012207031,0.6,1
143,857.0,33.66824722290039,0.6,1
144,811.0000000000001,33.700950622558594,0.6,1
145,806.9999999999999,34.00362014770508,0.6,1
146,811.0000000000001,33.805450439453125,0.6,1
147,625.0,41.45346450805664,0.6,1
148,690.0,37.741554260253906,0.6,1
149,675.0,36.57815170288086,0.6,1
150,703.9999999999999,36.1036491394043,0.6,1
151,723.0000000000001,35.441795349121094,0.6,1
152,731.0,34.56830596923828,0.6,1
153,766.0000000000001,33.95527267456055,0.6,1
154,721.0000000000001,38.99041748046875,0.6,1
155,716.9999999999999,36.59522247314453,0.6,1
156,746.0,35.16844177246094,0.6,1
157,844.0,33.83207702636719,0.6,1
158,913.9999999999999,33.880828857421875,0.6,1
159,891.0,32.821746826171875,0.6,1
160,838.9999999999999,32.179935455322266,0.6,1
161,631.0000000000001,40.82420349121094,0.6,1
162,649.0,36.704708099365234,0.6,1
163,739.0,34.674468994140625,0.6,1
164,836.9999999999999,32.76533508300781,0.6,1
165,812.0,33.46071243286133,0.6,1
166,949.0,33.095890045166016,0.6,1
167,810.0,33.05485153198242,0.6,1
168,610.0,42.31914520263672,0.6,1
169,643.0,38.38014602661133,0.6,1
170,692.0,35.89479446411133,0.6,1
171,698.0,34.5454216003418,0.6,1
172,703.9999999999999,34.38750457763672,0.6,1
173,760.0,34.03538131713867,0.6,1
174,795.0,34.241233825683594,0.6,1
175,632.0,41.1157341003418,0.6,1
176,643.0,36.37553405761719,0.6,1
177,746.0,34.05837631225586,0.6,1
178,766.0000000000001,32.85447311401367,0.6,1
179,881.0,32.64850616455078,0.6,1
180,876.0,32.42070770263672,0.6,1
181,1064.0,32.0990104675293,0.6,1
182,863.0,35.03287124633789,0.6,1
183,880.0,32.68534469604492,0.6,1
184,970.0,31.65142059326172,0.6,1
185,1222.0,30.552032470703125,0.6,1
186,1239.0,30.25678825378418,0.6,1
187,1309.0,30.810482025146484,0.6,1
188,1274.0,31.463722229003906,0.6,1
189,841.0000000000001,39.9395866394043,0.6,1
190,1001.0,35.23598098754883,0.6,1
191,967.0,33.66328048706055,0.6,1
192,1100.0,32.17390823364258,0.6,1
193,1128.0,32.71430969238281,0.6,1
194,1132.0,32.115516662597656,0.6,1
195,1073.0,31.957080841064453,0.6,1
196,771.0,37.934268951416016,0.6,1
197,843.0000000000001,34.93799591064453,0.6,1
198,806.9999999999999,35.16755294799805,0.6,1
199,833.0,33.693260192871094,0.6,1
200,808.9999999999999,33.56889724731445,0.6,1
201,889.0,34.18852233886719,0.6,1
202,872.0,33.750038146972656,0.6,1
203,771.0,38.027530670166016,0.6,1
204,853.0,34.53325271606445,0.6,1
205,887.0,32.57497787475586,0.6,1
206,1128.0,32.17347717285156,0.6,1
207,1100.0,31.897533416748047,0.6,1
208,1085.0,32.22781753540039,0.6,1
209,958.9999999999999,32.42110061645508,0.6,1
210,756.0,38.86857223510742,0.6,1
211,875.0,35.62631607055664,0.6,1
212,835.0,34.52973937988281,0.6,1
213,1000.0,32.75998306274414,0.6,1
214,1015.0,32.41546630859375,0.6,1
215,1089.0,31.731590270996094,0.6,1
216,983.0,31.396926879882812,0.6,1
217,793.0,36.73957061767578,0.6,1
218,1435.0,34.324012756347656,0.6,1
219,915.0,33.757904052734375,0.6,1
220,1132.0,32.29121780395508,0.6,1
221,1137.9999999999998,31.896577835083008,0.6,1
222,1032.9999999999998,32.1899528503418,0.6,1
223,925.0,32.40764617919922,0.6,1
224,610.0,41.7148551940918,0.6,1
225,828.0000000000001,36.86112594604492,0.6,1
226,862.0,34.062015533447266,0.6,1
227,1012.0,33.143409729003906,0.6,1
228,1133.0,33.14044189453125,0.6,1
229,1119.0,32.675010681152344,0.6,1
230,963.0000000000001,32.26214599609375,0.6,1
231,658.0,41.310020446777344,0.6,1
232,686.9999999999999,38.12291717529297,0.6,1
233,669.0,36.147117614746094,0.6,1
234,691.0000000000001,34.724369049072266,0.6,1
235,771.0,33.999359130859375,0.6,1
236,815.0,33.482913970947266,0.6,1
237,825.0,33.22465896606445,0.6,1
238,688.0,40.48002624511719,0.6,1
239,790.0,35.18049621582031,0.6,1
240,911.0,32.583953857421875,0.6,1
241,1030.0,31.179691314697266,0.6,1
242,1191.0,31.082027435302734,0.6,1
243,1210.0,30.958206176757812,0.6,1
244,1147.0,30.50594711303711,0.6,1
245,842.0,38.2337646484375,0.6,1
246,881.9999999999999,35.87915802001953,0.6,1
247,885.0,35.338592529296875,0.6,1
248,923.0,34.4084587097168,0.6,1
249,979.0,33.4422721862793,0.6,1
250,1021.0,32.532005310058594,0.6,1
251,1071.0,32.26387405395508,0.6,1
252,651.0,39.49520492553711,0.6,1
253,754.0,35.82815933227539,0.6,1
254,851.0,34.593589782714844,0.6,1
255,911.9999999999999,33.73222732543945,0.6,1
256,906.0,33.39958190917969,0.6,1
257,998.0,32.68857955932617,0.6,1
258,966.0000000000001,32.11241912841797,0.6,1
259,676.0000000000001,40.4530143737793,0.6,1
260,808.9999999999999,36.84551239013672,0.6,1
261,810.0,35.00523376464844,0.6,1
0,591.0,39.768287658691406,0.75,1
1,603.0,35.86998748779297,0.75,1
2,602.0,33.67814636230469,0.75,1
3,701.0,31.906482696533203,0.75,1
4,783.0000000000001,30.88137435913086,0.75,1
5,688.9999999999999,29.9686279296875,0.75,1
6,766.0000000000001,29.207595825195312,0.75,1
7,691.0000000000001,39.36343002319336,0.75,1
8,761.9999999999999,34.84685516357422,0.75,1
9,789.0,32.943382263183594,0.75,1
10,844.0,31.73848533630371,0.75,1
11,774.0,30.856922149658203,0.75,1
12,908.0,30.224138259887695,0.75,1
13,928.9999999999999,29.4401798248291,0.75,1
14,814.0,37.14734649658203,0.75,1
15,1044.0,32.563255310058594,0.75,1
16,1131.0,30.610233306884766,0.75,1
17,1072.0,29.95206069946289,0.75,1
18,1037.0000000000002,29.51469612121582,0.75,1
19,1127.0000000000002,29.535675048828125,0.75,1
20,1032.9999999999998,29.194656372070312,0.75,1
21,700.0,38.74053192138672,0.75,1
22,917.0,32.63169860839844,0.75,1
23,976.0,30.527082443237305,0.75,1
24,1161.0,29.600555419921875,0.75,1
25,1082.0000000000002,29.247737884521484,0.75,1
26,1293.0,28.34469223022461,0.75,1
27,1191.0,28.11092185974121,0.75,1
28,781.0000000000001,37.8027229309082,0.75,1
29,842.0,33.57368087768555,0.75,1
30,1057.0,30.814451217651367,0.75,1
31,1111.0,29.61733055114746,0.75,1
32,1245.0,28.709671020507812,0.75,1
33,1321.0,28.117460250854492,0.75,1
34,1247.0000000000002,27.870769500732422,0.75,1
35,716.9999999999999,38.374847412109375,0.75,1
36,864.0,33.95123291015625,0.75,1
37,808.0,31.95730972290039,0.75,1
38,898.9999999999999,30.871477127075195,0.75,1
39,894.0,30.03510856628418,0.75,1
40,1009.0,29.036577224731445,0.75,1
41,958.0,28.725753784179688,0.75,1
42,637.0,39.779884338378906,0.75,1
43,688.9999999999999,35.44220733642578,0.75,1
44,683.0,33.17679214477539,0.75,1
45,721.0000000000001,32.06764602661133,0.75,1
46,868.9999999999999,31.17247772216797,0.75,1
47,920.0,30.424795150756836,0.75,1
48,833.0,29.9704647064209,0.75,1
49,612.0,40.708003997802734,0.75,1
50,774.0,35.09719467163086,0.75,1
51,859.0,33.0717887878418,0.75,1
52,916.0000000000001,30.719144821166992,0.75,1
53,986.9999999999999,29.190156936645508,0.75,1
54,1096.0,28.429906845092773,0.75,1
55,1091.0,28.503952026367188,0.75,1
56,736.0000000000001,36.4488639831543,0.75,1
57,1034.0,31.87434196472168,0.75,1
58,998.0,30.49637794494629,0.75,1
59,1130.0,29.247270584106445,0.75,1
60,1090.0,28.245647430419922,0.75,1
61,1235.0,27.138818740844727,0.75,1
62,1401.0000000000002,27.018857955932617,0.75,1
63,838.9999999999999,36.45871353149414,0.75,1
64,868.9999999999999,33.36727523803711,0.75,1
65,872.0,33.012168884277344,0.75,1
66,976.0,31.504600524902344,0.75,1
67,1074.0,29.958145141601562,0.75,1
68,1226.0,28.66214370727539,0.75,1
69,1274.0,27.820823669433594,0.75,1
70,841.0000000000001,35.48270797729492,0.75,1
71,900.0,32.20429992675781,0.75,1
72,987.9999999999998,30.928068161010742,0.75,1
73,1028.0,29.64878273010254,0.75,1
74,1039.0,29.521102905273438,0.75,1
75,998.0,29.208009719848633,0.75,1
76,1059.0,29.057588577270508,0.75,1
77,686.0,38.38319778442383,0.75,1
78,952.0,33.784828186035156,0.75,1
79,975.0,31.617950439453125,0.75,1
80,1017.9999999999998,31.062515258789062,0.75,1
81,1010.0,30.63158416748047,0.75,1
82,1110.0,29.79250717163086,0.75,1
83,1116.0,29.767593383789062,0.75,1
84,613.9999999999999,39.78561782836914,0.75,1
85,733.0,35.82625961303711,0.75,1
86,727.0,33.66290283203125,0.75,1
87,814.0,32.19601821899414,0.75,1
88,816.0,31.386436462402344,0.75,1
89,876.0,30.532007217407227,0.75,1
90,997.0,29.8880558013916,0.75,1
91,802.0,36.61185073852539,0.75,1
92,966.0000000000001,32.81291961669922,0.75,1
93,913.9999999999999,31.636674880981445,0.75,1
94,1020.0,30.389583587646484,0.75,1
95,1024.0,29.69748306274414,0.75,1
96,1077.9999999999998,29.70962905883789,0.75,1
97,1060.0,29.18171501159668,0.75,1
98,666.0,38.56682586669922,0.75,1
99,751.0000000000001,34.290714263916016,0.75,1
100,750.0,32.303035736083984,0.75,1
101,743.0,31.494956970214844,0.75,1
102,758.0,31.09839630126953,0.75,1
103,876.0,30.758010864257812,0.75,1
104,746.0,30.5103702545166,0.75,1
105,726.0,38.4702262878418,0.75,1
106,768.0000000000001,34.41796875,0.75,1
107,731.9999999999999,32.775630950927734,0.75,1
108,754.0,31.768495559692383,0.75,1
109,834.0,30.953487396240234,0.75,1
110,870.0,29.870025634765625,0.75,1
111,833.0,29.47042465209961,0.75,1
112,752.0,37.781471252441406,0.75,1
113,850.0,33.30223083496094,0.75,1
114,856.0000000000001,31.476356506347656,0.75,1
115,841.0000000000001,30.340578079223633,0.75,1
116,880.0,29.295785903930664,0.75,1
117,1103.0,28.59847640991211,0.75,1
118,1163.0,27.84717559814453,0.75,1
119,1022.0000000000002,32.71147537231445,0.75,1
120,1176.0,30.664382934570312,0.75,1
121,1032.0,29.825847625732422,0.75,1
122,1042.0,29.205074310302734,0.75,1
123,951.0,28.978328704833984,0.75,1
124,996.0000000000001,29.035511016845703,0.75,1
125,952.0,29.071685791015625,0.75,1
126,699.0,39.288448333740234,0.75,1
127,748.9999999999999,34.82805252075195,0.75,1
128,806.9999999999999,32.31808853149414,0.75,1
129,848.0,31.11473846435547,0.75,1
130,849.0,30.62589454650879,0.75,1
131,952.0,30.585729598999023,0.75,1
132,1070.0,29.458877563476562,0.75,1
133,875.0,37.129173278808594,0.75,1
134,904.0,34.04875564575195,0.75,1
135,1027.0,31.32899284362793,0.75,1
136,1184.0,29.87502098083496,0.75,1
137,1099.0,28.39678955078125,0.75,1
138,1107.9999999999998,27.935258865356445,0.75,1
139,1118.0,28.06987953186035,0.75,1
140,738.0000000000001,37.48229217529297,0.75,1
141,790.0,34.55382537841797,0.75,1
142,796.0000000000001,32.57038116455078,0.75,1
143,857.0,31.188905715942383,0.75,1
144,811.0000000000001,31.02098846435547,0.75,1
145,806.9999999999999,30.619304656982422,0.75,1
146,811.0000000000001,30.466312408447266,0.75,1
147,625.0,39.85935592651367,0.75,1
148,690.0,35.047882080078125,0.75,1
149,675.0,33.30373001098633,0.75,1
150,703.9999999999999,32.24476623535156,0.75,1
151,723.0000000000001,31.880035400390625,0.75,1
152,731.0,30.636974334716797,0.75,1
153,766.0000000000001,30.182048797607422,0.75,1
154,721.0000000000001,37.71133804321289,0.75,1
155,716.9999999999999,34.0348014831543,0.75,1
156,746.0,32.02238082885742,0.75,1
157,844.0,30.69435691833496,0.75,1
158,913.9999999999999,30.040407180786133,0.75,1
159,891.0,29.52997398376465,0.75,1
160,838.9999999999999,29.624805450439453,0.75,1
161,631.0000000000001,39.357322692871094,0.75,1
162,649.0,34.88722610473633,0.75,1
163,739.0,33.007469177246094,0.75,1
164,836.9999999999999,31.19725799560547,0.75,1
165,812.0,31.235610961914062,0.75,1
166,949.0,30.70782470703125,0.75,1
167,810.0,30.452455520629883,0.75,1
168,610.0,40.05035400390625,0.75,1
169,643.0,35.17085647583008,0.75,1
170,692.0,32.885135650634766,0.75,1
171,698.0,31.931833267211914,0.75,1
172,703.9999999999999,31.018516540527344,0.75,1
173,760.0,30.83932876586914,0.75,1
174,795.0,30.469568252563477,0.75,1
175,632.0,39.122501373291016,0.75,1
176,643.0,34.20558547973633,0.75,1
177,746.0,32.496578216552734,0.75,1
178,766.0000000000001,31.159982681274414,0.75,1
179,881.0,30.19513511657715,0.75,1
180,876.0,29.48290252685547,0.75,1
181,1064.0,28.71205711364746,0.75,1
182,863.0,34.88986587524414,0.75,1
183,880.0,32.43041229248047,0.75,1
184,970.0,30.835195541381836,0.75,1
185,1222.0,29.380367279052734,0.75,1
186,1239.0,28.558578491210938,0.75,1
187,1309.0,28.567873001098633,0.75,1
188,1274.0,28.42415428161621,0.75,1
189,841.0000000000001,38.792076110839844,0.75,1
190,1001.0,33.91232681274414,0.75,1
191,967.0,31.65607452392578,0.75,1
192,1100.0,29.91292953491211,0.75,1
193,1128.0,28.87621307373047,0.75,1
194,1132.0,28.44345474243164,0.75,1
195,1073.0,28.015625,0.75,1
196,771.0,36.05202102661133,0.75,1
197,843.0000000000001,33.4111213684082,0.75,1
198,806.9999999999999,31.317481994628906,0.75,1
199,833.0,30.773029327392578,0.75,1
200,808.9999999999999,30.720081329345703,0.75,1
201,889.0,30.05706024169922,0.75,1
202,872.0,30.12343978881836,0.75,1
203,771.0,36.437965393066406,0.75,1
204,853.0,31.243471145629883,0.75,1
205,887.0,29.432209014892578,0.75,1
206,1128.0,28.87180519104004,0.75,1
207,1100.0,28.104772567749023,0.75,1
208,1085.0,27.376277923583984,0.75,1
209,958.9999999999999,27.916627883911133,0.75,1
210,756.0,37.86417007446289,0.75,1
211,875.0,33.265472412109375,0.75,1
212,835.0,31.11664390563965,0.75,1
213,1000.0,29.83820343017578,0.75,1
214,1015.0,28.622913360595703,0.75,1
215,1089.0,28.153831481933594,0.75,1
216,983.0,27.633161544799805,0.75,1
217,793.0,35.96027374267578,0.75,1
218,1435.0,31.209753036499023,0.75,1
219,915.0,30.73651695251465,0.75,1
220,1132.0,29.45677375793457,0.75,1
221,1137.9999999999998,28.90117835998535,0.75,1
222,1032.9999999999998,28.954484939575195,0.75,1
223,925.0,29.10344123840332,0.75,1
224,610.0,39.522708892822266,0.75,1
225,828.0000000000001,34.72349166870117,0.75,1
226,862.0,32.62920379638672,0.75,1
227,1012.0,30.84037208557129,0.75,1
228,1133.0,30.433992385864258,0.75,1
229,1119.0,29.52192497253418,0.75,1
230,963.0000000000001,29.349641799926758,0.75,1
231,658.0,40.07378387451172,0.75,1
232,686.9999999999999,35.2991943359375,0.75,1
233,669.0,32.853153228759766,0.75,1
234,691.0000000000001,31.43185043334961,0.75,1
235,771.0,30.565265655517578,0.75,1
236,815.0,30.046510696411133,0.75,1
237,825.0,29.319900512695312,0.75,1
238,688.0,38.84276580810547,0.75,1
239,790.0,33.37319564819336,0.75,1
240,911.0,30.78038215637207,0.75,1
241,1030.0,29.52613639831543,0.75,1
242,1191.0,28.343101501464844,0.75,1
243,1210.0,27.73762321472168,0.75,1
244,1147.0,27.678186416625977,0.75,1
245,842.0,37.7342643737793,0.75,1
246,881.9999999999999,33.96080780029297,0.75,1
247,885.0,31.63873863220215,0.75,1
248,923.0,30.368228912353516,0.75,1
249,979.0,30.08289337158203,0.75,1
250,1021.0,29.273902893066406,0.75,1
251,1071.0,28.488500595092773,0.75,1
252,651.0,38.31623458862305,0.75,1
253,754.0,34.16588592529297,0.75,1
254,851.0,31.8859920501709,0.75,1
255,911.9999999999999,30.467697143554688,0.75,1
256,906.0,29.58723258972168,0.75,1
257,998.0,28.774368286132812,0.75,1
258,966.0000000000001,29.148359298706055,0.75,1
259,676.0000000000001,39.410621643066406,0.75,1
260,808.9999999999999,35.23671340942383,0.75,1
261,810.0,33.321327209472656,0.75,1
0,591.0,39.124149322509766,0.9,1
1,603.0,34.01784896850586,0.9,1
2,602.0,31.405847549438477,0.9,1
3,701.0,29.361188888549805,0.9,1
4,783.0000000000001,27.9699764251709,0.9,1
5,688.9999999999999,26.99334716796875,0.9,1
6,766.0000000000001,26.50968360900879,0.9,1
7,691.0000000000001,38.366943359375,0.9,1
8,761.9999999999999,32.843345642089844,0.9,1
9,789.0,30.282451629638672,0.9,1
10,844.0,28.478235244750977,0.9,1
11,774.0,27.549104690551758,0.9,1
12,908.0,26.65814208984375,0.9,1
13,928.9999999999999,26.15372657775879,0.9,1
14,814.0,35.439510345458984,0.9,1
15,1044.0,31.084043502807617,0.9,1
16,1131.0,28.825801849365234,0.9,1
17,1072.0,27.377878189086914,0.9,1
18,1037.0000000000002,26.576663970947266,0.9,1
19,1127.0000000000002,25.942235946655273,0.9,1
20,1032.9999999999998,25.58641242980957,0.9,1
21,700.0,35.9997673034668,0.9,1
22,917.0,30.59639549255371,0.9,1
23,976.0,28.430437088012695,0.9,1
24,1161.0,26.95451545715332,0.9,1
25,1082.0000000000002,26.57464599609375,0.9,1
26,1293.0,25.815153121948242,0.9,1
27,1191.0,25.210739135742188,0.9,1
28,781.0000000000001,36.85739517211914,0.9,1
29,842.0,31.85993003845215,0.9,1
30,1057.0,29.075868606567383,0.9,1
31,1111.0,27.07809066772461,0.9,1
32,1245.0,26.56841278076172,0.9,1
33,1321.0,25.80630111694336,0.9,1
34,1247.0000000000002,25.797548294067383,0.9,1
35,716.9999999999999,37.1803092956543,0.9,1
36,864.0,32.79905700683594,0.9,1
37,808.0,30.117324829101562,0.9,1
38,898.9999999999999,28.174495697021484,0.9,1
39,894.0,27.114543914794922,0.9,1
40,1009.0,26.476741790771484,0.9,1
41,958.0,26.103105545043945,0.9,1
42,637.0,38.88819122314453,0.9,1
43,688.9999999999999,34.00669860839844,0.9,1
44,683.0,31.181032180786133,0.9,1
45,721.0000000000001,29.187131881713867,0.9,1
46,868.9999999999999,27.611083984375,0.9,1
47,920.0,26.491413116455078,0.9,1
48,833.0,25.801057815551758,0.9,1
49,612.0,38.396240234375,0.9,1
50,774.0,33.421932220458984,0.9,1
51,859.0,30.65386390686035,0.9,1
52,916.0000000000001,28.31700325012207,0.9,1
53,986.9999999999999,26.946306228637695,0.9,1
54,1096.0,25.747995376586914,0.9,1
55,1091.0,25.313074111938477,0.9,1
56,736.0000000000001,35.537750244140625,0.9,1
57,1034.0,30.647235870361328,0.9,1
58,998.0,28.504316329956055,0.9,1
59,1130.0,26.973711013793945,0.9,1
60,1090.0,26.36248779296875,0.9,1
61,1235.0,25.346914291381836,0.9,1
62,1401.0000000000002,24.824430465698242,0.9,1
63,838.9999999999999,35.08082580566406,0.9,1
64,868.9999999999999,32.05055236816406,0.9,1
65,872.0,30.37880516052246,0.9,1
66,976.0,28.39900016784668,0.9,1
67,1074.0,26.798784255981445,0.9,1
68,1226.0,25.982093811035156,0.9,1
69,1274.0,25.478784561157227,0.9,1
70,841.0000000000001,34.09012985229492,0.9,1
71,900.0,29.989635467529297,0.9,1
72,987.9999999999998,28.202796936035156,0.9,1
73,1028.0,27.131559371948242,0.9,1
74,1039.0,26.241317749023438,0.9,1
75,998.0,26.02284812927246,0.9,1
76,1059.0,25.581457138061523,0.9,1
77,686.0,37.152957916259766,0.9,1
78,952.0,32.245445251464844,0.9,1
79,975.0,29.88799285888672,0.9,1
80,1017.9999999999998,28.520444869995117,0.9,1
81,1010.0,27.862028121948242,0.9,1
82,1110.0,27.04349708557129,0.9,1
83,1116.0,26.45358657836914,0.9,1
84,613.9999999999999,38.60511779785156,0.9,1
85,733.0,33.37870407104492,0.9,1
86,727.0,30.926671981811523,0.9,1
87,814.0,29.43724822998047,0.9,1
88,816.0,28.70097541809082,0.9,1
89,876.0,27.60175132751465,0.9,1
90,997.0,26.66851806640625,0.9,1
91,802.0,35.736202239990234,0.9,1
92,966.0000000000001,31.703828811645508,0.9,1
93,913.9999999999999,29.772056579589844,0.9,1
94,1020.0,28.349706649780273,0.9,1
95,1024.0,27.46247100830078,0.9,1
96,1077.9999999999998,26.585594177246094,0.9,1
97,1060.0,25.99999237060547,0.9,1
98,666.0,37.977569580078125,0.9,1
99,751.0000000000001,33.32154083251953,0.9,1
100,750.0,31.06709861755371,0.9,1
101,743.0,29.32457160949707,0.9,1
102,758.0,28.224206924438477,0.9,1
103,876.0,27.742691040039062,0.9,1
104,746.0,27.483728408813477,0.9,1
105,726.0,37.46706008911133,0.9,1
106,768.0000000000001,32.547996520996094,0.9,1
107,731.9999999999999,30.356342315673828,0.9,1
108,754.0,29.199478149414062,0.9,1
109,834.0,28.028564453125,0.9,1
110,870.0,27.274415969848633,0.9,1
111,833.0,26.713855743408203,0.9,1
112,752.0,36.95436477661133,0.9,1
113,850.0,31.95429229736328,0.9,1
114,856.0000000000001,29.628158569335938,0.9,1
115,841.0000000000001,28.30884552001953,0.9,1
116,880.0,26.76128387451172,0.9,1
117,1103.0,26.22698974609375,0.9,1
118,1163.0,25.394332885742188,0.9,1
119,1022.0000000000002,32.872283935546875,0.9,1
120,1176.0,29.234708786010742,0.9,1
121,1032.0,27.89470863342285,0.9,1
122,1042.0,27.396385192871094,0.9,1
123,951.0,26.78026580810547,0.9,1
124,996.0000000000001,26.16394805908203,0.9,1
125,952.0,25.75467300415039,0.9,1
126,699.0,37.97500228881836,0.9,1
127,748.9999999999999,33.15928268432617,0.9,1
128,806.9999999999999,30.51412010192871,0.9,1
129,848.0,28.747989654541016,0.9,1
130,849.0,27.3488712310791,0.9,1
131,952.0,26.394615173339844,0.9,1
132,1070.0,26.199771881103516,0.9,1
133,875.0,35.77115249633789,0.9,1
134,904.0,31.94858169555664,0.9,1
135,1027.0,29.433977127075195,0.9,1
136,1184.0,27.622407913208008,0.9,1
137,1099.0,26.281492233276367,0.9,1
138,1107.9999999999998,25.688446044921875,0.9,1
139,1118.0,25.326093673706055,0.9,1
140,738.0000000000001,36.830692291259766,0.9,1
141,790.0,32.557899475097656,0.9,1
142,796.0000000000001,30.055816650390625,0.9,1
143,857.0,28.386083602905273,0.9,1
144,811.0000000000001,27.423486709594727,0.9,1
145,806.9999999999999,26.623706817626953,0.9,1
146,811.0000000000001,26.241802215576172,0.9,1
147,625.0,38.92275619506836,0.9,1
148,690.0,34.363529205322266,0.9,1
149,675.0,31.42081069946289,0.9,1
150,703.9999999999999,29.383546829223633,0.9,1
151,723.0000000000001,28.289365768432617,0.9,1
152,731.0,27.093618392944336,0.9,1
153,766.0000000000001,26.31234359741211,0.9,1
154,721.0000000000001,37.096038818359375,0.9,1
155,716.9999999999999,32.84687042236328,0.9,1
156,746.0,30.07703971862793,0.9,1
157,844.0,28.430931091308594,0.9,1
158,913.9999999999999,27.336719512939453,0.9,1
159,891.0,26.657926559448242,0.9,1
160,838.9999999999999,26.12939453125,0.9,1
161,631.0000000000001,38.76948165893555,0.9,1
162,649.0,33.67451477050781,0.9,1
163,739.0,30.648799896240234,0.9,1
164,836.9999999999999,28.591896057128906,0.9,1
165,812.0,27.728483200073242,0.9,1
166,949.0,26.79108238220215,0.9,1
167,810.0,26.192277908325195,0.9,1
168,610.0,39.095191955566406,0.9,1
169,643.0,34.1546516418457,0.9,1
170,692.0,31.11638832092285,0.9,1
171,698.0,29.47211456298828,0.9,1
172,703.9999999999999,27.895050048828125,0.9,1
173,760.0,27.05267333984375,0.9,1
174,795.0,26.124515533447266,0.9,1
175,632.0,37.82284164428711,0.9,1
176,643.0,32.72887420654297,0.9,1
177,746.0,30.095998764038086,0.9,1
178,766.0000000000001,28.668701171875,0.9,1
179,881.0,27.149660110473633,0.9,1
180,876.0,26.494577407836914,0.9,1
181,1064.0,25.746294021606445,0.9,1
182,863.0,32.92970657348633,0.9,1
183,880.0,29.2926082611084,0.9,1
184,970.0,27.93773651123047,0.9,1
185,1222.0,26.800540924072266,0.9,1
186,1239.0,26.15627670288086,0.9,1
187,1309.0,25.707582473754883,0.9,1
188,1274.0,25.60780143737793,0.9,1
189,841.0000000000001,37.513004302978516,0.9,1
190,1001.0,32.391815185546875,0.9,1
191,967.0,29.50552749633789,0.9,1
192,1100.0,27.719358444213867,0.9,1
193,1128.0,26.58017921447754,0.9,1
194,1132.0,25.902942657470703,0.9,1
195,1073.0,25.223051071166992,0.9,1
196,771.0,35.7750244140625,0.9,1
197,843.0000000000001,31.5396785736084,0.9,1
198,806.9999999999999,29.569541931152344,0.9,1
199,833.0,28.211881637573242,0.9,1
200,808.9999999999999,27.46334457397461,0.9,1
201,889.0,26.978612899780273,0.9,1
202,872.0,26.55408477783203,0.9,1
203,771.0,35.721824645996094,0.9,1
204,853.0,30.328645706176758,0.9,1
205,887.0,27.910057067871094,0.9,1
206,1128.0,26.825448989868164,0.9,1
207,1100.0,26.268451690673828,0.9,1
208,1085.0,25.72182273864746,0.9,1
209,958.9999999999999,25.554609298706055,0.9,1
210,756.0,37.075599670410156,0.9,1
211,875.0,31.79909896850586,0.9,1
212,835.0,29.424983978271484,0.9,1
213,1000.0,27.543975830078125,0.9,1
214,1015.0,26.931861877441406,0.9,1
215,1089.0,25.862350463867188,0.9,1
216,983.0,25.393775939941406,0.9,1
217,793.0,34.193115234375,0.9,1
218,1435.0,30.71758270263672,0.9,1
219,915.0,28.942386627197266,0.9,1
220,1132.0,27.560102462768555,0.9,1
221,1137.9999999999998,26.56654930114746,0.9,1
222,1032.9999999999998,25.906957626342773,0.9,1
223,925.0,25.68846893310547,0.9,1
224,610.0,38.63582992553711,0.9,1
225,828.0000000000001,32.7090950012207,0.9,1
226,862.0,29.79046058654785,0.9,1
227,1012.0,27.76006317138672,0.9,1
228,1133.0,26.94207191467285,0.9,1
229,1119.0,26.173099517822266,0.9,1
230,963.0000000000001,25.839258193969727,0.9,1
231,658.0,38.700462341308594,0.9,1
232,686.9999999999999,33.4041633605957,0.9,1
233,669.0,30.797016143798828,0.9,1
234,691.0000000000001,29.14685821533203,0.9,1
235,771.0,28.024456024169922,0.9,1
236,815.0,27.109556198120117,0.9,1
237,825.0,26.420536041259766,0.9,1
238,688.0,37.58000946044922,0.9,1
239,790.0,31.760961532592773,0.9,1
240,911.0,28.614585876464844,0.9,1
241,1030.0,27.502695083618164,0.9,1
242,1191.0,26.673837661743164,0.9,1
243,1210.0,25.778846740722656,0.9,1
244,1147.0,25.16791343688965,0.9,1
245,842.0,36.445274353027344,0.9,1
246,881.9999999999999,32.30242919921875,0.9,1
247,885.0,29.978267669677734,0.9,1
248,923.0,28.367631912231445,0.9,1
249,979.0,26.981624603271484,0.9,1
250,1021.0,26.289289474487305,0.9,1
251,1071.0,25.45330047607422,0.9,1
252,651.0,37.55912780761719,0.9,1
253,754.0,32.71412658691406,0.9,1
254,851.0,30.261009216308594,0.9,1
255,911.9999999999999,28.243501663208008,0.9,1
256,906.0,27.47780418395996,0.9,1
257,998.0,26.71932601928711,0.9,1
258,966.0000000000001,26.079742431640625,0.9,1
259,676.0000000000001,38.20299530029297,0.9,1
260,808.9999999999999,32.66793441772461,0.9,1
261,810.0,30.483898162841797,0.9,1
-1,-1.0,32.4067268371582,-1.0,-1
